{
    "metrics": {
        "http_req_duration{expected_response:true}": {
            "avg": 45.642441143833715,
            "min": 36.233,
            "med": 41.608,
            "max": 2150.552,
            "p(90)": 48.1928,
            "p(95)": 54.68759999999998
        },
        "http_req_waiting": {
            "avg": 45.00608145096453,
            "min": 0,
            "med": 41.132,
            "max": 2150.275,
            "p(90)": 47.483,
            "p(95)": 53.564899999999994
        },
        "checks": {
            "passes": 78403,
            "fails": 0,
            "value": 1
        },
        "http_req_duration": {
            "max": 2150.552,
            "p(90)": 48.1928,
            "p(95)": 54.68759999999998,
            "avg": 45.642441143833715,
            "min": 36.233,
            "med": 41.608,
            "thresholds": {
                "p(95)<200": false
            }
        },
        "data_received": {
            "count": 678081652,
            "rate": 11217993.970541455
        },
        "iteration_duration": {
            "avg": 45.92312244998261,
            "min": 36.295195,
            "med": 41.748719,
            "max": 2150.71827,
            "p(90)": 48.410612,
            "p(95)": 55.05813209999999
        },
        "vus": {
            "min": 60,
            "max": 60,
            "value": 60
        },
        "http_reqs": {
            "rate": 1297.0773927862624,
            "count": 78403
        },
        "http_req_sending": {
            "max": 78.211,
            "p(90)": 0.116,
            "p(95)": 0.145,
            "avg": 0.08826201803502157,
            "min": 0.019,
            "med": 0.057
        },
        "http_req_receiving": {
            "avg": 0.5480976748338815,
            "min": 0.038,
            "med": 0.143,
            "max": 264.805,
            "p(90)": 1.432800000000003,
            "p(95)": 1.902
        },
        "http_req_connecting": {
            "avg": 0.008442215221356323,
            "min": 0,
            "med": 0,
            "max": 33.617,
            "p(90)": 0,
            "p(95)": 0
        },
        "http_req_blocked": {
            "min": 0,
            "med": 0.001,
            "max": 238.054,
            "p(90)": 0.001,
            "p(95)": 0.001,
            "avg": 0.13386844891152877
        },
        "data_sent": {
            "count": 6642192,
            "rate": 109886.5742604973
        },
        "iterations": {
            "rate": 1297.0773927862624,
            "count": 78403
        },
        "http_req_failed": {
            "passes": 0,
            "fails": 78403,
            "thresholds": {
                "rate<0.01": false
            },
            "value": 0
        },
        "vus_max": {
            "value": 60,
            "min": 60,
            "max": 60
        },
        "http_req_tls_handshaking": {
            "med": 0,
            "max": 218.112,
            "p(90)": 0,
            "p(95)": 0,
            "avg": 0.11756780990523324,
            "min": 0
        }
    },
    "root_group": {
        "groups": {},
        "checks": {
                "ok": {
                    "name": "ok",
                    "path": "::ok",
                    "id": "2385b52f13b6c5244d846734f1757fa3",
                    "passes": 78403,
                    "fails": 0
                }
            },
        "name": "",
        "path": "",
        "id": "d41d8cd98f00b204e9800998ecf8427e"
    }
}